Steve Simeone,95910
Big Jay Oakerson,85719
Dave Smith,78536
Danish & Oâ€™Neill,69106
Bert Kreischer,65577
Mat Edgar,57057
Mark Normand,46179
Kurt Metzger,45178
Nick Youssef,44060
Sarah Tiana,42895
David Taylor,39184
Duncan Trussell,38295
Joe Rogan,37129
Steve Rannazzisi,35994
Don Barris,34460
Dan Soder,31833
Tony Hinchcliffe,31679
Tom Segura,30783
Kathleen McGee,27699
Alex Kealy,27687
Alex Smith,27687
Ahir Shah,27687
Robert Kelly,25158
Joe List,24681
Des Bishop,24351
Kevin G Christy,23800
Hannah,23114
Craig Campbell,22420
Mike Lawrence,22148
Keren Margolis,21499
Paul Morrissey,21390
Christina Pazsitzky,21282
Brent Weinbach,20744
Fahim Anwar,20278
Jessica Michelle Singleton,19284
Sam Tripoli,19232
Ian Edwards,19132
Petee C,18517
Billy Wayne Davis,18391
Gary Vider,18128
Mary Jane Green,18051
Joey Diaz,17903
Nedi,17223
William Childress,17223
Rolf Potts,16725
Jayson Thibault,16600
Joe Derosa,16524
Kyle Kinane,16071
Dean Delray,15863
Rachel J Simmons,15651
Schmoes Know,15648
Shane Mauss,15236
Doug Benson,15180
Cris Italia,14765
Geoff Keith,14573
Pauly Shore,14536
Jacob Sirof,14531
Sherry Sirof,14531
Steve Lemme,14414
John Caparulo,14406
Jamie Caparulo,14406
Neal Brennan,14173
Sam Morril,13880
Alexis Guerreros,13857
Miss X,13212
Brendon Walsh,13169
Colt Cabana,13101
Cort McCown,13007
Gwen Media,12947
Andrew Themeles,12940
Luis J Gomez,12869
John Heffron,12762
Star Fawkes,12751
Ralphie May,12749
Glitter Goddess,12701
Mike Recine,12658
Rick Ingraham,12566
Mike Young,12433
Jessica Ahlquist,12123
Bonnie McFarlane,12112
Stevie Ryan,12079
Ali Siddiq,12006
Josh Martin,11976
Justy Dodge,11821
Chloe Hilliard,11643
Michelle Is A Wolf,11557
Anonymous,11557
Tristan,11557
Jordan,11557
Jonah Ray,11431
Chris Neff,11235
Jason Rouse,11235
Greg Fitzsimmons,11233
Amber Smelson,11231
Adrian Iapalucci,11231
Sarah Tollemache,11231
Kevin Christy,11113
Henry Rollins,10819
Donovan Pee,10726
Ms Pat,10703
Claire Brosseau,10700
Lynne Koplitz,10545
George Carlin,10539
Ari Shafir,10539
Jimmy Dore,10539
Pete Johannson,10433
Glitter Cheese,10355
Dante Nero,10249
J C Alvarado,10232
Rob Bernstein,10161
Mary Jane,10122
Airy Shiyfer,10122
Kim Barnes,10027
Barnes Bros,10027
Faizon Love,10027
Kristian Harloff,10027
a film crew,10027
Mark Ellis,10027
Morgan Black,9887
Colin Wright,9867
Greg Jackson,9801
Aubrey Marcus,9785
Jay Larson,9766
Chip Pope,9651
Al Jackson,9489
Brendon Burns,9445
Nick Mullen,9379
Sal Vulcano,9302
Christine Marie Evans,9299
Stavros Halkios,9189
Marc,9183
Homeless Man,9183
Brian from Chill,9183
Bike Tour,9183
Tim Crockett,9155
Sheng Wang,9151
Christopher Ryan,9105
Monroe Martin,9085
Tim J Dillon,9069
Ricky Lundell,9011
Brad Williams,8987
Nick Dipaolo,8962
Sean Patton,8937
Al Madrigal,8878
Bobby Lee,8855
Jeff Scott,8815
Wiki,8813
Nick Diaz,8745
Godfrey,8713
Danny Lobell,8708
Old Neighbor Lady,8610
Dwayne Perkins,8610
Joseph Vecsey,8599
Ari Eldjarn,8587
Autistic Thunder,8509
Lauren Hennessy,8472
Adam Eget,8441
Hormoz Rashidi,8439
Kelli Dunham,8403
Mike Black,8369
J Fod,8364
Luisa Diez,8330
Bill Burr,8326
Mike Finoia,8243
Mike Ward Mike Ward C A,8214
Brandt Tobler,8195
Jon Reep,8157
Sean Hebert,8153
Winston,8153
Doc Willis,8148
Whitney Cummings,8128
Phil N Wang,8032
Pat Coppolino,8025
Walkinsauce,7981
Tait Fletcher,7978
Myq Kaplan,7969
Truffle,7960
Jonas Larsen,7937
Steven Brody Stevens,7927
Ryan O' Neill,7831
George Saint Pierre,7831
Nate Diaz,7831
Jeff Danis,7831
Kevin Hefffernan,7818
Kelsey,7787
Mark Demayo,7709
Bret Ernst,7691
Vanessa Ragland,7581
Manolis Zontanos,7581
Davey Wester,7575
Zara Mizrahi,7575
Dale Dudley,7571
Callum Preston,7519
Kelsey Cook,7409
Louis Katz,7386
Theo Von,7386
Katie Manzella,7329
Johnny Pemberton,7329
anonymous defense contractors,7269
Greg's hyper dog,7230
Sean Donnelly,7223
Frazer Smith,7196
Helen Luksenburg,7128
Willy,7128
John Spies,7117
Barry Rothbart,6999
Dov Davidoff,6969
Carl Donnelly,6949
Ashley Snow Macomber,6927
Aaron Berg,6885
Nick Cody,6819
Derek Gaines,6811
Wil Anderson,6751
my nephew on his Bar Mitzvah,6688
Kevin Meaney,6681
Ron Funches,6628
Cheeto Santino,6628
Kevin Heffernan,6596
Wayne Rada,6543
Jenn Cole,6490
Joe Machi,6479
Rich Vos,6479
Cipha Sounds,6479
Yannis Pappas,6479
Jared Freid,6479
Tracy Morgan,6479
Chris Distefano,6479
Luke Harder,6472
Jeff Dye,6444
Jason Nash,6440
Dan Naturman,6421
Jim Florentine,6415
Steve Agee,6365
Anonyphant,6279
Dave Sirus,6096
Pete Davidson,6096
Yoshi Obayashi,6062
Andy Haynes,5879
Jeremy Horn Elite,5874
Dr. Steve Graham,5874
Dom Irrera,5791
Loyiso Gola,5749
Liz Miele,5739
Tricia Donegan,5681
Jesus,5677
Jeffrey Ross,5639
Milo McCabe,5531
Kai Humphries,5531
Daniel Sloss,5531
Turner B Sparks,5501
Dave Attell,5451
Nick Thune,5367
Moshe Kasher,5349
T M Z,5271
D J,5271
Tom Brady,5042
Allison Dore,4995
Chris Gethard,4995
Nikki Glaser,4995
Tom Rhodes,4927
Jeremy Horwitz,4720
Brody Stevens,4605
Nat Shaffir,4257
Mac Danzig,3997
Karen Margolis,3679
Genta Reep,3023
Brutus,3023
Ruby,3023
Couches,2909
Dog,2721
Happy Halloween,2606
Patrick Coppolino,1871
