Paul F. Tompkins,32163
Harris Wittels,30434
Chelsea Peretti,26165
Drew Tarver,21163
Adam Scott,20687
Shaun Diston,17092
Ego Nwodim,16191
Ben Schwartz,14578
Jason Mantzoukas,12965
Andy Daly,12409
Jessica McKenna,11542
Will Hines,11429
Paul Brittain,10692
Taran Killam,10692
Sarah Silverman,10590
Matt Besser,10566
Carl Tart,10360
Patton Oswalt,10356
Zeke Nicholson,10252
Natalie Palamides,10134
Natasha Leggero,10000
Xmas,9426
Stephanie Wittels Wach,6916
Tawny Newsome,6916
Neil Patrick Harris,6608
Bobby Moynihan,6535
D’Arcy Carden,6179
John Hodgman,6179
Jon Gabrus,6179
Lauren Lapkus,6179
Andy Samberg,6173
Ryan Gaul,6168
Nick Kroll,6085
Seth Morris,6085
Madeline Walter,5931
Brendon Small,5907
The National,5907
Nicole Byer,5882
Todd Glass,5882
James Adomian,5882
"""Weird Al"" Yankovic",5734
Mary Holland,5734
Mano Agapion,5734
Marques Ray,5635
Whitney Cummings,5635
Mary Sohn,5529
Dhruv Uday Singh,5478
John Early,5340
Jimmy Pardo,5251
Jon Mackey,5251
Ryan Rosenberg,5251
Dan Lippert,5251
Peter Serafinowicz,5244
Courtney Pauroso,5244
Griffin Newman,5244
Alison Rich,5240
Claudia O’Doherty,5020
Paul Rust,5020
Riki Lindhome,4912
Allan McLeod,4890
Brett Gelman,4890
Jon Daly,4890
Caroline Anderson,4890
Halloween,4890
Nick Wiger,4890
Betsy Sodaro,4827
D'Arcy Carden,4748
Adam Cayton-Holland,4748
Neil Campbell,4748
Horatio Sanz,4705
Rob Huebel,4513
Alana Johnston,4513
Thomas Middleditch,4357
Martin Starr,4357
Threedom,3975
