Mike Schmidt,12506
Doug Benson,11799
Laura House,7721
Matt Weinhold,7104
Dave Anthony,6684
Jackie Kashian,5924
Murray Valeriano,5821
Stefanie Wilder-Taylor,5742
Jordan Brady,5352
Esther Ku,5040
Jon Schnepp,4937
Samm Levine,4891
Nate Gowtham,4775
Bert Kreischer,4769
Kevin Pollak,4695
Matt Fulchiron,4677
Jim Ruel,4499
Leah Mansfield,4444
The Sklar Brothers,4381
Shawn Marek,4378
Erik Griffin,4255
Jon Reep,4235
David F. Sandberg,4168
Kurt Long,4161
Annabelle DiSisto,4104
Riley Silverman,4100
Mary Lynn Rajskub,4085
Amy Miller,4054
David Huntsberger,3994
Steve Gillespie,3956
Ron Placone,3946
Brenton Biddlecombe,3935
Troy Conrad,3917
Faith Choyce,3848
Marc Guggenheim,3832
Leah Tiscione,3832
Dino Stamatopoulos,3832
Chip Chinery,3826
Ramon Rivas II,3817
Cecily Knobler,3813
Jessimae Peluso,3805
Megan Gailey,3799
Laura Swisher,3779
Avi Lieberman,3648
Kevin Avery,3644
Paul Gilmartin,3622
Mick Garris,3615
Mark Ellis,3610
Colt Cabana,3590
Jason Love,3589
Steve Byrne,3573
Nick Youssef,3566
Ben Acker,3545
Ben Blacker,3545
Jud Meyers,3529
Scott Tipton,3529
Jessica Michelle Singleton,3484
Tom Merritt,3445
Kinner Shah,3336
Steele Saunders,3332
Nikki Glaser,3324
Ric Meyers,3307
Sheila Chalakee,3264
Dennis Gubbins,3160
Todd Perry,3120
Chris,3045
Graham,3045
Jimmy Dore,3029
Rosie Tran,2899
Tom Clark,2507
Miguel Fiero,2441
