Todd Glass,63106
Greg Proops,32884
Geoff Tate,31165
Ron Funches,31150
Esther Ku,27032
Josh Wolf,26600
Jacob Sirof,26562
Kassem G,26388
Ngaio Bealum,24209
Jessimae Peluso,23414
Pete Holmes,22751
Taylor Rizzo,20752
Riki Lindhome,19188
Sara Weinshenk,18235
Ari Shaffir,18116
Tony Hinchcliffe,17678
Brandon Wardell,15531
Tiffany Haddish,14767
Joey Coco Diaz,14617
Janice Griffith,14381
Morgan Murphy,14265
P-Nut,14178
Sarah Silverman,13611
Zack Pearlman,12643
Felipe Esparza,12519
Eric Andre,12004
Matt Besser,11772
Brian Posehn,11499
James Adomian,11409
John Roy,11320
Horatio Sanz,11008
Rory Scovel,10958
Megan Neuringer,10890
Jay Chandrasekhar,10792
pt. 2 Bong-a-thon,9951
pt. 1 Bong-a-thon,9888
Trey Galyon,9317
Big Jay Oakerson,9152
Kimberly Congdon,8985
Riley Reid,8908
Ramon Rivas II,8904
Brooks Wheelan,8750
Nick Rutherford,8689
Howard Kremer,8602
Open Mike Eagle,8558
Tommy Chong,8533
Steve Agee,8386
The Lucas Bros,8364
Chris Porter,8362
Brendon Walsh,8223
Dan Harmon,8201
Ian Karmel,7896
Jade Catta-Preta,6818
Joe DeRosa,6715
Brian Redban,6659
Adam Pally,6440
Chris Cubas,6203
Slink Johnson,6116
Jon Gabrus,6048
Beth Stelling,5982
Ralphie May,5968
Josh Blue,5949
Dave Waite,5928
Kyle Kinane,5924
Birdcloud,5916
Todd Robert Anderson,5869
Margaret Cho,5835
Harris Wittels,5674
Jonah Ray,5674
Eddit Ifft,5544
Getting Doug in Denver,5538
The 420 Show - Rory Scovel,5455
Jeff Ross,5437
Gabe Dylan,5360
Sean O'Connor,5360
Daniel Kinno,5346
Eric Andr√©,5284
Jerry Minor,5251
Jade Catta Preta,5075
Bonnie McFarlane,3978
Alexi Wasser,3881
Abdullah Saeed,3881
Ben Gleib,3810
Adam Ray,3581
Karlous Miller,3581
The Sklar Brothers,3576
Chris Franjola,3567
Scott Thompson,3567
Lexxi Foxxx,3544
Stix Zidinia,3544
Joe Lynch,3486
Jenna Sativa,3475
Andy Kindler,3457
Emily Heller,3446
Owen Benjamin,3420
Craig Robinson,3420
Matt Walsh,3368
Chloe Dykstra,3345
Jon Daly,3338
Joe Pettis,3282
Fredrik Wikingsson,3279
Filip Hammar,3279
Andy Richter,3267
John Roberts,3263
DJ Douggpound,3225
Boyfriend,3225
Michael McDonald,3224
Jay Washington,3222
Daniel Kellison,3213
Tom Rhodes,3210
Rob Cantrell,3185
Jenny Slate,3178
Natasha Leggero,3167
Asher Roth,3164
Andrew Santino,3150
Jade Catta-Pretta,3150
Peaches,3135
Trailer Park Boys,3129
Comic Patriot,3125
Michael Ian Black,3107
Wendy Liebman,3107
Whitney Cummings,3106
John DiMaggio,3103
Jon Reep,3099
Paul Provenza,3094
Kelly Carlin,3094
Simon Rex,3089
Daryl Sabara,3081
Bree Essrig,3067
Roy Choi,3065
Danny Tamberelli,3063
The Lucas Brothers,3060
Melissa Moore,3053
Action Bronson,3047
Brett Gelman,3047
EpicLLOYD,3047
Lukas Nelson,3041
Hampton Yount,3041
Erik Hoffstad,3033
Tom Thakkar,3029
Matt Jones,3029
Bethany Cosentino,3026
Lee Syatt,3025
Sen Dog,3020
"Sean ""X-Pac"" Waltman",3018
Steve Byrne,3016
Rosa Salazar,2999
B-Real,2997
Farmer Dave Scher,2994
Chris Robinson,2994
Luis J. Gomez,2992
Fred Stoller,2991
Baron Vaughn,2991
Bonnie Rotten,2988
Ron White,2988
Mark Normand,2988
Dan Soder,2983
Vanessa Johnston,2983
Gina Valentina,2970
Ahmed Bharoocha,2954
Doug Stanhope,2949
Jason Ellis,2949
Sam Tripoli,2949
Rick Glassman,2947
Kevin Smith,2936
Justin Willman,2935
Larry Charles,2930
Sara Schaefer,2930
Kevin Weisman,2921
Alia Shawkat,2920
Aubrey Plaza,2920
Jamie Lee,2918
John Levenstein,2918
Emma Arnold,2917
Steve Rannazzisi,2917
Eddie Ifft,2916
Blake,2903
Adam,2903
Anders from Workaholics,2903
Shooter Jennings,2898
"Dustin ""Duddy"" Bushnell",2897
David Cross,2896
Quincy Jones,2891
Rachel Wolfson,2890
Adam Carolla,2886
Vince Averill,2873
Sofia Gonzalez,2871
Steph Tolev,2871
Lahna Turner,2869
Melissa Etheridge,2850
April O'Neil,2842
Katie Morgan,2833
Abbi Jacobson,2830
Reggie Watts,2830
Ilana Glazer,2830
Omar Gharaibeh,2823
Dominic Monaghan,2820
Sam Jay,2803
Alex Karpovsky,2803
Jeff Grace,2803
Joey Diaz,2790
Jimmy Dore,2765
Anthony Jeselnik,2731
Shane Mauss,2717
Gabe Lutge,2654
Jack Black,2652
