Mike Pi,14654
Jay Larson,14275
Jonny Loquasto,14060
Jerry Rocha,13551
Earl Skakel,13415
Darren Carter,12073
David Deery,9248
Bert Kreischer,9228
Family,9176
Josh Wolf,9176
Kelsey Cook,8972
Coach Barry Thomas,8589
Gary Cannon,8560
Danny Lucas,8528
Robert Oberst,8343
Eric Abrams,8264
Steve Mazan,8245
Thai Rivera,8181
John Tole,8181
Yoshi Obayashi,7973
Ramon Rivas,7971
Bryan Erwin,7950
Jay Mandyam,7804
Ari Shaffir,7770
Kevin Christy,7738
Kirk Smith,7665
Tom Foss,7525
Andrew St. John,7504
Mike Vinn,7449
Craig Gass,7177
Karen Dezelle,7125
Leonard Robinson,7111
Candice Thompson,7062
Bronston Jones,7050
Mike Young,7041
Doc Willis,7005
Gareth Reynolds,6997
Jake Hirsch,6979
Andrew Themeles,6958
Joe Sib,6872
Bret Ernst,6850
Liz Manashil,6842
Rich Slaton,6814
Peter Choe,6771
Kyle Clark,6635
Kira Soltanovich,6575
Steven Brody Stevens,6559
Dan Madonia,6406
Jeff Carisalez,6402
Christine Little,6401
Jeremiah Watkins,6362
Orlando Leyba,6342
Christian Spicer,6286
Kristian Harloff,6282
Jon Reep,6210
Zainab Johnson,6198
Jack Rourke,6195
Christina Pazsitzky,6122
Jackie Gold,6108
Erik Griffin,6049
Curtis Nelson,6018
Agostino Zoida,5982
Father Greg Rannazzisi,5929
Steve Byrne,5916
Sal Vulcano,5916
Brian Whitaker,5899
Brenton Biddlecombe,5871
Stephen Glickman,5868
Taylor Bos,5851
Tait Fletcher,5808
Lee Syatt,5688
Ryan Sickler,5671
Pamela Walt,5527
Children's Hospital,5502
Sandy Danto,5370
Brandt Tobler,5347
John McNichol,5283
Kevin Shea,5275
Josh Nasar,5166
Thomas Dale,5129
Brian Redban,5113
Ariel Teal Toombs,5053
Eric Alegria,4845
Maz Jobrani,4844
Alicia Malone,4836
Demar Randy,4815
Jackie Kashian,4680
Steve,4583
Lee Hang Out,4583
Aiko Tanaka,4536
Happy Father's Day,4514
Kirk Fox,4459
Steve Rannazzisi,4364
G Reilly,4288
