Ari Shaffir,11339
Jeff Danis,9587
Ryan O'Neill,9528
Bert Kreischer,6547
Jessica Michelle Singleton,5596
Luke Hamilton,5303
Maria Taylor,5153
Dave Anthony,5080
Sarah Lehmann,4978
Jayson Thibault,4978
David Taylor,4955
Jeremiah Watkins,4880
Frank Castillo,4779
Jeff Witzeman,4771
Ramon Rivas,4744
Dean Delray,4661
Lucas Hirl,4600
Greg Rannazzisi,4569
Steve Simeone,4556
Matt Fulchiron,4500
Sam Tripoli,4483
Jamie Kaler,4461
Eleanor Kerrigan,4414
Rick Ingraham,4374
Jamie Kilstein,4355
Steve Byrne,4286
Kevin Christy,4212
Tre Stewart,4211
Tracy Rannazzisi,4197
Paul Scheer,4191
Nick Youssef,4172
Jesus Trejo,4145
Tony Hinchcliffe,4121
Joe DeRosa,4080
Jade Catta-Preta,4072
My Family Hears Me a Book,3856
Heather Flanders,3790
Brian Moses,3783
Katie Aselton,3487
Mark Duplass,3471
Stuart Thompson,3435
My Teacher in High School Ms. Kerri Glynn,3410
Olivia Grace,3195
