Steve Maxwell,29820
Ido Portal,21498
Dan Peña,20952
Tai Lopez,17680
Mike Dolce,17117
Timothy Shieff,16421
Dorian Yates,16386
Rick Doblin,15468
Ben Greenfield,13502
Oren Klaff,13330
Andreas Antonopoulos,13123
Dave Asprey,12907
Jamie Bartlett,12857
Lowkey,12274
Mantak Chia,12251
David Avocado Wolfe,12085
Professor David Nutt,11922
Mooji,11891
David Icke,11723
Eric Thomas,11624
Brad Burton,11413
Wyclef Jean,10988
Rupert Sheldrake,10956
Geoff Thompson,10947
Moazzam Begg,10908
Philip Mckernan,10887
Magnus Walker,10661
Charles R. Poliquin,10631
Tim Ferriss,10603
Richard Villar,10531
Simon Mann,10296
Steven Pinker,10287
Nigel Benn,10166
Tony Long,9860
Ray Mcgovern,9667
Suli Breaks,9615
Max Keiser,9486
Douglas Rushkoff,9289
Dennis Mckenna,9011
Danny Jones,8992
Johnny Bang Reilly,8972
"Michael ""Venom"" Page",8904
Dr Michael Greger,8837
Chris Eubank,8626
Bboy Storm,8611
Bill Browder,8573
Dan Hardy,8386
Shep Gordon,8345
Mimi Ikonn,8328
Joe De Sena,8291
Kevin Kelly,8279
John Joseph,8265
Elliott Hulse,8207
Greg Rutherford,8130
John Wayne Parr,8107
Adam Scorgie,8011
Hayley Quinn,7999
Matt Willis,7935
Cory Doctorow,7846
T Done,7823
Robert Greene,7777
Tom Bilyeu,7745
Dr Gavin Schmidt,7663
Jocko Willink,7590
Andy Zaremba,7431
Jake Wood,7393
James Aspey,7377
Kino Macgregor,7368
John Gooden,7302
Nick Davies,7281
Nigel Owens,7243
Dan Pena,7235
Simon Sinek,7219
Howard Marks,7202
Peter Joseph,7112
Ashley Walters,7023
Dandapani,6973
Ivor Crotty,6950
Akala,6936
Brian Davis,6930
Ayahuasca,6892
Ufc Fighter Dan Hardy,6877
Gabor Maté,6849
Esther Perel,6838
Terry Virts,6833
David Graeber,6833
Ross Edgley,6823
Evanna Lynch,6792
Anthony Anaxagorou,6785
Joel Salatin,6782
Jamal Edwards,6765
Julia Hardy,6765
Wim Hof,6754
Beardyman,6667
Crazy Legs,6651
Scott Coker,6644
Daniele Bolelli,6589
Goldie,6490
Patrick Mcginnis,6474
Matthew Pritchard,6466
Alex Ikonn,6443
Marianne Williamson,6418
James Ketchell,6397
Scroobius Pip,6388
Bruce Lipton,6385
Derek Laud,6347
Gareth A. Davies,6317
Alex Reid,6317
Louis Cole,6263
Vishen Lakhiani,6254
Oliver Proudlock,6198
Daniel Priestley,6108
Jamie Alderton,6085
Kevin Green,6072
Dereck Chisora,6026
James Haskell,5953
Anita Moorjani,5945
Bruce Parry,5938
Hannah Witton,5931
Zoltan Istvan,5923
James Rhodes,5908
Colin Pyle,5865
Justin Wren,5857
Boki Nachbar,5843
Ken Livingstone,5820
Stuart Kershaw,5793
Julian Treasure,5775
Will Young,5731
Dr Carl Hart,5695
Chase Jarvis,5671
Irvine Welsh,5658
Masiela Lusha,5657
Matt Elek,5637
Joe Cross,5628
Mo Gawdat,5598
Rory Sutherland,5571
Ryan Holiday,5568
Imogen Heap,5550
Shawn Vij,5530
Ufc Cutman,5529
Mark Bittman,5528
Adam Grant,5515
James Thompson,5447
Liv Boeree,5439
James Cosmo,5428
Tom Law,5409
Tom Rhodes,5405
Eddie Izzard,5376
Maggie Stiefvater,5370
Frank Bruno,5366
Dr. Sarah Jane Pell,5363
Rosi Sexton,5356
Rou Reynolds,5350
Paul Lindley,5337
Bryce Keane,5319
Lawrence Krauss,5278
Ivana Chubbuck,5242
Guy Kawasaki,5235
Annie Machon,5232
Chris Hadfield,5219
James Rickards,5211
Jb Gill,5211
Tim O'Reilly,5204
Paul Daley,5192
Ayah Marar,5171
Robert Mckee,5163
Aubrey De Grey,5130
Ido Portal Live Q&A,5109
Kelly Starrett,5086
Jon Anik,5076
Mark Wright,5067
Graham Hancock,5061
Haley Hill,5051
Bryan Callen,5004
Kimberly Wyatt,4990
Felicia Michaels,4979
Max Chilton,4979
James Altucher,4967
Gregory Sams,4943
Vinay Gupta,4939
Lee Camp,4937
Immortal Technique,4936
Thomas Friedman,4933
Jacque Fresco,4925
Amanda Feilding,4922
"Dustin ""Clean"" Denes",4920
Arjen Kamphuis,4919
Ivan Farneti,4903
Todd Pierce,4892
How To Manage Money,4883
Chris Kistan,4864
Brian Friedman,4863
John Lee,4853
John Quilter,4803
Charles Eisenstein,4779
Jason Silva,4762
Martin Bjergegaard,4746
James Reed,4739
Marc Goddard,4722
Taylor Marie,4720
Rory Macdonald,4701
Kaz Aston,4627
Fatboy Slim,4625
Peter Schiff,4580
Melissa Sterry,4573
Dan Ariely,4556
Chance Uk,4550
Rj Mitte,4535
Timothy Oulton,4488
Rick Falkvinge,4478
Jared Diamond,4460
Eddie Obeng,4456
Jim Rogers,4391
Dr. Jane Goodall,4370
Jon Ronson,4357
Wietse Van Der Werf,4355
Nathalie Nahai,4223
Dr. Rachel Armstrong,4210
Heidi Locher,4206
Cara Santana,4196
Brett Morgen,4176
David Allen,4158
Marc Goodman,4123
Alex Kjerulf,4113
Dean Karnazes,4084
Geoff Stead,4040
Daniel H. Pink,3966
Afrika Bambaataa,3833
Gary Vaynerchuk,3779
Christiane Amanpour,3768
Greg Nicotero,3731
Kevin Ferguson Jr,3681
Neil Degrasse Tyson,3639
Killing Kittens,3605
Priyanka Chopra,3039
Robert Kiyosaki,2183
Slack Killed Email,2138
The Love Of My Life,2097
Dan Pena Is Back,1989
Garyvee Lessons,1943
Johnny Cash,1922
Broadcast Yourself,1611
Realtalk With Jabaal,1572
Tbt,1314
Dr Carla Stanton,1211
Dan Peña Live Event,1063
11,622
How To Work A Room,613
How I Meditate,591
Americans Are Awesome,509
How To Cure Anxiety,469
Manners Cost Nothing,430
Hooked By Nir Eyal,408
You Are Not Alone,378
London Vs New York,368
Applications Now Open,345
Peter Sage,310
Build The Best You,296
Cherish The Struggle,291
Collaboration Is King,277
You Are What You Eat,274
Getting Things Done,270
Brian Rose Ted Talk,256
I Do.,244
Shaking Things Up,224
Pull The Trigger,221
