Duncan Trussell,31775
David Silver,16845
Lama Tsultrim Allione,13438
Lama Surya Das,13405
Krishna Das,12631
Sharon Salzberg,12262
Danny Goldberg,9346
Roshi Joan Halifax,8306
Vincent Horn,7786
David Nichtern,7741
Jahnavi Harrison,7479
Rameshwar Das,7275
Pete Holmes,7110
Jared Levy,7072
Jack Kornfield,7029
David Nichtern Live,6114
Return to Shiva Station,4934
Walking Home,4878
Clearly Jack Kornfield,4869
Joseph Goldstein,4805
Imagination,4739
Reggie Ray,4608
There's No Crying In Baseball,4598
Deeper Default Mode,4592
Mooji,4586
Benjy Wertheimer,4508
From Wandering to Wondering,4442
Jungle Safari,4424
Dan Harmon,4370
Duncan Trussell Goes Deep,4336
Slogans for I,4313
I,4313
Smugglers,4262
Seekers,4262
Dr. Paul Ekman,4223
Meatball Fulton,4172
Shiva Media Maven,4155
Dharma Bums,4150
Love,4119
Courage,4119
Skepticism,4119
Duncan Trussell's Brain Eviction,4107
India,4103
David Godman,4091
Rob Bell,4050
Chris Grosso's Everything Mind,4025
John Lockley,4021
Robert Thurman,3990
Martin Winiecki,3981
Le Tour de Trance...,3971
Teal Swan's Vision,3969
Kiley Jon Clark's Street Dharma,3934
James Doty,3871
MC Yogi,3850
Dr. Robert Svoboda,3838
Rabbi Naomi Levy,3823
Larry Brilliant,3796
EUDAIMONIA,3774
Rabbi Rami,3769
Jealousy,3758
Rilke to Real Life Envy,3758
From Real Love,3758
Ram Dev Explores Deathlessness,3756
Dennis McKenna,3755
Meeting One Self,3755
Dr. Mark Epstein,3751
Rick Doblin's Psychedelic Studies,3742
Generous Attention,3738
Spontaneous...,3737
Be A Vigilante,3737
David Wagner,3735
Gelek Rimpoche,3701
"Jared ""Gagan"" Levy",3680
Joanna Garzilli,3678
Geshe Thupten Jinpa Langri,3677
Rascals,3662
Ram Dass,3662
Noah Levine,3649
Judith Orloff,3633
Abundance,3633
Gogo Gathering,3622
Dr. Judith Orloff,3620
Suffering’s Yin,3618
Yang,3618
Anne Lamott,3616
Thanissara,3614
Kittisaro,3614
Ryan LeCompte,3590
Driving Yourself Sane,3574
Jaimal Yogis,3572
Jamie Catto,3559
Nancy Colier,3554
Kirtan Wallah,3552
Forgiveness Power,3548
Gil Fronsdal,3539
Whole Brain Radio,3534
Thought Transformation,3531
Precious Presence,3529
After Life,3525
What,3525
Joan Watts,3517
Anne Watts,3517
Happiness,3493
Unhappiness,3493
Sacred Science,3485
Dakota Wint,3481
Koi Fresco,3481
Upside Down World,3480
JP Sears,3473
Jamie's Giant Leap,3470
Dream Yoga,3465
Jake Sasseville,3455
Duncan T.,3450
his Happy Day,3450
Joel Salinas M.D.,3432
Darwin,3430
Raghu,3430
G-d,3430
Meditation's Mores,3430
Glories,3430
Dave,3430
Reverend Alexander MacPhail,3412
Jack Carroll,3404
Inc.,3382
Buddhism,3382
McMindfulness,3374
John Bush,3373
Ethan Nichtern,3366
Mental Manipulation,3333
Marijuana Matters,3330
MLK,3329
Pico Iyer,3326
Shock Treatment,3314
Selflessness,3312
Siddhas,3312
Quantum,3312
Dr. Linda Bender,3306
Joseph Goldstein’s Mindfulness,3293
Wall Street Mind-Hacking Meditators,3290
East Forest,3287
Dr. Jeffrey Long,3280
Sharon,3277
Time to Stand Up,3268
Dr. Gabor Maté,3244
From Brad Willis to Bhava Ram,3234
Bioneers Co-Founder Kenny Ausubel,3205
Polarization,3203
Unconscious Impulses,3191
Spirituality,3170
Politics,3170
Tom Bluewolf,3166
Irregular Brain,3156
"Chris ""Bash"" Bashinelli",3129
What Is,3105
Win,3105
Go Within,3105
Joel Solomon,3091
Mona Haydar,3086
Space Time Life,3082
Quantum Afterlife,3082
Lisa Wimberger,3078
Rabbi  Rami Shapiro,3067
Frank Ostaseski,3055
Themeless Seamless Musings,3040
Trevor Hall,3040
Mother Kali,3040
Koshin Paley Ellison's Contemplative Care,2984
Barbara Bonner,2933
Jack Carroll’s Consciousness,2927
Music as Ally,2766
Tami Simon,2765
Digital Dilemma,2711
Enigmatic Teachers,2687
Tami Simon’s True Sounds,2589
American Veda,2578
Shyamdas,2472
India Yatra,2451
Mirabai Bush,2429
Mickey Lemle,2303
Larger than Life Experiences,2001
Close Encounters,1915
Early Days,1877
Skeptiko,13
