Mike Dolce,9475
John Wolf,9391
Alex Jones,7713
Eddie Bravo,7713
Dr. Dan Engle,7014
Lewis Howes,6096
MindPump,5748
Mark Bell,4803
Dr. Andy Galpin,4722
Michelle Waterson,4525
Porangui,4366
Brandon Lilly,4259
Andy Stumpf,4169
Robb Wolf,4157
Shawn Stevenson,4086
Kevin Ross,4028
Jesse Burdick,4019
Matt Vincent,3938
Carlos Condit,3900
Urijah Faber,3899
Brett McKay,3896
Ryan Bader,3875
Dr Beau Hightower,3785
Naveen Jain,3756
Kyle Kingsbury,3743
Aaron Alexander,3656
Rafael Lovato Jr,3649
Mike Salemi,3641
Dr. Michael Ruscio,3476
Jamey Jasta,3324
Joe Rogan,3091
WWE Superstar Sheamus,2756
"David ""The Caveman"" Rickels",2712
Ben Greenfieeld,2693
Andrew Craig,2644
Whey w,2485
Camille Macres,2480
Molly Galbraith,2473
Jen Sinkler,2473
Layne Norton,2454
Gustavo Yacaman,2421
Twitch,2363
Allison Holker,2363
Cub Swanson,2326
"Mike ""The Truth"" Jackson",2322
UFC's Danny Castillo,2152
Joey Diaz,2150
Hunter McIntyre,2064
Josh Millburn,1949
Bode Miller,1885
Chris Kresser,1862
Mark Tilsen,1841
Austin Aries,1829
Bear Woznick,1819
