Tawny Newsome,36475
Little Janet Varney,27214
Eugene Cordero,22289
Carl Tart,18713
Matt Gourley,17143
Ryan Gaul,17111
Colleen Smith,14115
Mano Agapion,14022
Mary Holland,10047
Tony Hale,9435
Shaun Diston,9137
Ronnie Adrian,8791
Craig Cackowski,8780
Zeke Nicholson,8738
Hal Lublin,8580
Ego Nwodim,8266
Nancy Hayden,8168
Jordan Black,8000
Jaime Moyer,7722
Zach Reino,4844
Jessica McKenna,4844
Sarah Burns,4843
Busy Philipps,4843
Nathan Lee Graham,4782
Lauren Lapkus,4646
Erin Whitehead,4646
Stephanie Allynne,4646
Rebecca Delgado Smith,4539
Joel Kim Booster,4539
Erin Gloria Ryan,4536
Andy Daly,4510
Stephanie Courtney,4499
Mark Gagliardi,4494
Annie Savage,4494
Marc Evan Jackson,4494
David Rees,4463
Eliza Skinner,4446
Betsy Sodaro,4446
Mark McConville,4357
Donna Brookbanks,4357
Negin Farsad,4357
Hrishikesh Hirway,4355
Laci Mosley,4292
LeVar Burton,4292
Maya Deshmukh,4286
Matt Besser,4286
Jensen Karp,4175
Aimee Mann,4086
Gary Anthony Williams,4086
Oscar Nunez,4076
Shulie Cowen,4076
Chris Grace,4018
Kristian Bruun,4018
Daniele Gaither,3947
Gary AnthonyÂ Williams,3947
Phil LaMarr,3947
Beth Newell,3914
Sarah Pappalardo,3914
Amanda Lund,3914
John Hodgman,3911
Carla Cackowski,3855
Ana Ortiz,3855
Maribeth Monroe,3811
