David Goggins,4832
Thomas Jones,4477
Sklar Brothers,4396
Bryan Fogel,4040
Damian Lillard,3998
Brian Koppelman,3998
Michael Franzese,3897
Christopher Goffard,3350
Kevin Frazier,3349
Bob Myers,3349
Adam Carolla,3306
Bob Costas,3306
Willie McGinest,3264
Dirk Nowitzki,3264
Jay Williams,3263
David Wise,3202
Kevin Millar,3168
Bill Cowher,3168
Steve Elkington,3010
Eric Weddle,2998
Tom Tolbert,2920
Dan Shaughnessy,2791
Dave Spadaro,2791
Paulie Malignaggi,2751
Aaron Rodgers,2751
Daryl Morey,2663
Nate Boyer,2654
Keegan-Michael Key,2633
Gary Vaynerchuk,2627
Molly Bloom,2576
Ike Taylor,2504
Kurt Warner,2504
Lamar Jackson,2482
Oscar De La Hoya,2482
Harvey Levin,2352
Bernard Hopkins,2341
Chris Herren,2174
Dana White,2127
Chris Archer,2105
