Greg Chaille,514973
Chad Shank,333135
Tom Konopka,141646
Jobi Whitlock,106976
Brian Hennigan,102018
Andy Andrist,90757
Brett Erickson,87360
Morgan Murphy,51545
Bingo,46961
Mat Becker,44621
Bert Kreischer,32679
James Inman,27391
Castle Rock Kenny,26331
Floyd,18996
Brendon Walsh,17412
Kristine Levine,16026
Lynn Shawcroft,14735
Fat Mike,14599
Rev,13987
Johnathon,13578
Brett Erickson (bretterickson68),13351
Chaille,12013
Wende,12013
Tracey,11706
Mishka,11706
Birdcloud,11504
Glenn Wool,10989
Kelly Bingaman,10865
Castlerock Kenny,10495
NIgel Duara,9809
Junior Stopka,8993
Kerry Mitchell,8793
Diana,8624
Jaime Kilstein,8624
Richard Hunter,8221
Frank Mir,8221
"""Baskets""",7764
"""The Detour"" (TBS )",7764
Johnathan,7676
Warlock,7299
Bre,7299
Margo Wollenberg,6868
Kliph Nesteroff,6862
Rob Lightner,6775
Krystal,6775
Matt,6775
Kenny,6746
Jay Whitecotton,6620
Ron White,6620
Joe Rogan,6409
Paul Provenza,6409
Luquer,6390
Chad Shank (hdFatty),6388
The Al's,6361
Jenny,6320
Mom,6320
The Pizza Boy,6277
by Birdcloud,5843
"""Vodkasodaberg""",5843
Jet Lacey,5739
Travis Carl,5739
Sam Tripoli,5620
Amanda,5617
Amy Blackwell,5541
Anthony Desamito,5541
Charlie Speez,5541
Mishka Shubaly,5448
Gabe Lindstrom,5256
Laura Kimball,5188
Barry Sobel,5174
This version performed by Chad Shank,5086
written by Mishka Shubaly,5086
Fahey Younger,5057
Cedric,4964
Nurse Betty,4964
Young Taylor,4964
Uncle Bill,4943
Betty,4943
Anthony Jeselnik,4884
Henry Phillips,4884
Sam See,4878
Martin Mor,4878
Bill Petty,4877
Bob Cola,4807
Juggie Angelique,4807
Todd Bridges,4807
Nigel Duara,4574
Gretchen Baer (gretchen@gretchenbaer.com),4574
Doc Marc,4455
Gump,4400
John NOrris,4385
Becky Becker,4385
Hype Man John,4273
Brad Robinson,4273
Brad,4078
Steve Poggi,4049
Sarah Hyland,4041
Doug Krebs,4041
more,3990
Alex Oâ€™Meara,3990
Europe,3990
Australia,3990
UK,3990
Kelly Carpenter,3753
Hack Oddity,3696
JT Habersaat,3644
Glenn Wool ( ),3612
Director Greg Olliver,3592
John Norris,3497
Tom Rhodes,3186
Bingo's Mom,2660
Fredrik Boltes,2629
Kelly,2099
