Daniel Kinno,261373
Tom Martin,232371
Rory Scovel,143411
Blake Wexler,122470
Troy Conrad,99731
Henry Phillips,82434
Graham Elwood,79252
Paul F. Tompkins,75879
James Adomian,75518
Jen Kirkman,70230
Chris Farren,62517
Danny Lobell,52632
Eddie Pepitone,48544
Whitmer Thomas,46508
Jake Fogelnest,46247
Ian Karmel,45834
Allen Strickland Williams,45222
Eliza Skinner,41806
Mike Koman,38270
Rob Gleeson,36462
Andy Kindler,35692
Bobby Miyamoto,31987
Caleb Synan,29604
Andy Wood,29026
Fred Stoller,27942
Gary Gulman,25861
Jeremiah Watkins,25151
Brandon Wardell,24489
Steve Feinartz,19545
Steve Lemme,19377
Kevin Heffernan,19377
Jimmy Pardo,19102
Jordan Brady,19016
Todd,18492
Clay Tatum,18311
Anthony Jeselnik,16224
Lachlan Patterson,16025
Kulap Vilaysack,15913
Andy Haynes,14997
Chelsea Peretti,14916
Geoff Tate,14480
Chris Fairbanks,14269
Andrey Belikov,14190
Nick Thune,13335
Bill Buescher,13321
Ian Davis,13321
Bert Kreischer,13317
Ed Crasnick,13145
Ron Funches,13145
Ryan Stout,13120
Josh Androsky,13072
John Mulaney and,12521
2014 Wrap-Up with Tom Martin,12201
Johnny Colorado Presents,11816
Chip Chantry,11806
Norm MacDonald,11737
David Koechner,11024
The Holiday Special,10974
Fake Problems,10679
Scott Moran,10559
Sara Schaefer,10559
Robbie Goodwin,10396
Colt Cabana,10326
Ryan Sickler,10198
Jeff Dye,10003
The 6 Year Anniversary,10003
Jeff Richards,9999
Andy Peters,9901
Jamie Kennedy,9879
Paco Romane,9595
Justin Willman,9463
Wil Anderson,9341
Quincy Jones,9189
Tom Martin Returns,9005
Jonah Ray,8943
John Roberts,8836
Paco Romane returns,8834
The Lost Guest,8776
Myq Kaplan,8697
Kevin Farley,8681
Steve Agee,8366
Jake Weisman,8332
Patton Oswalt,8281
Almost Dr. Kevin Sousa,8274
Eddie Della Siepe,8237
A New Member of The Family,8200
Henry Phillips returns,8180
Chris James,8063
Daniel,8024
the gang,8024
Christmas Episode,7884
Andy Dick,7856
Pete Holmes,7779
Daniel Kinno is back,7685
Johnny Pemberton,7646
Alice Wetterlund,7408
The Shelf Episode,7285
Trae Crowder,7105
Bonus episode with Paul F. Tompkins,6954
Without a Glass,6935
Matt Kirshen,6935
Doug Stanhope,6847
Jay Larson,6801
Bonus,6755
Demetri Martin,6417
Brendon Walsh,6407
Kyle Dunnigan,6282
Sarah Silverman,6282
a special guest,6282
Duncan Trussell,6230
Greg Proops,6043
Jimmy Dore,5976
Camping with Tommy Chong,5915
David Feldman,5712
Chris Hardwick,5659
Daniel from a hotel in DC,5251
Tom Wilson,5230
Daniel in Tahoe,5217
Hope is Still Alive,5204
Barry Katz,5193
The Liberal Redneck,5163
Wayne Federman,4955
Child Therapist,4860
Shannon Lee,4860
Mark Schiff,4853
Steve Schaffer,4853
Natasha Leggero,4838
Rye Silverman,4832
A Super Serious Bonus Episode,4522
Joe DeRosa,4439
Rory Scovel returns,3956
Troy Conrad part 2,3909
Daniel Kinno part two,3896
Camping part 2,3735
Tom Martin part 2,3714
Bonus Episode,3292
A Thanksgiving Special,2332
Not an episode,70
