Hamilton Souther,36582
Michael Phillip,31539
John F. Simon Jr,22815
Kevin Kaiser,18257
Aubrey Marcus,15392
Daniele Bolelli,15057
David Heti,12454
Brian Ramisch,11342
Michael Garfield,9733
Noah Lampert,9377
Jon Mueller,8238
Chris Grosso,8227
Conner Moore,7946
Dr Judson Brewer,6954
Erick Godsey,6043
Andrew M. McKenzie,5861
Mitch Schultz,5664
Jennifer Sodini,5506
Culadasa,5430
Amanda Sage,5234
Simon Haiduk,4981
Lyman Hardy,4957
Bruce Damer,4952
David Nichtern,4950
Alexandre Tannous,4860
Josh Russell,4842
Chor Boogie,4766
Ryan Nicodemus,4740
Liam Wilson,4702
Sah Dâ€™Simone,4654
Zach Leary,4419
Kelly MacLean,4419
Kyle Kingsbury,4381
Donald Hoffman,4368
Yoshino,4358
Megan Devine,4192
Matt Xian,4165
Genevieve von Petzinger,4160
William MacAskill,4156
Noah Lampert & Michael Phillip,4027
Jessica Golich,4004
JP Sears,3930
Robert Thurman,3918
Sharon Salzberg,3867
Michael Donovan,3778
Greg Marcus,3766
Peter Falker,3706
Matt Simon,3637
Jillian Pransky,3616
Dr Rick Hanson,3598
Tali Sharot,3348
Derek Walmsley,3330
Ryan Holiday,3306
Elena Brower,3268
Shane Mauss,3132
Lawrence English,3089
Raghu Markus,2968
Roshi Joan Halifax,2336
Lewis Howes,2234
Be What You Are,2185
Isaac Lidsky,1890
Existential Paralysis,1881
One Pointed Mind,1780
Cory Reads Cory,1525
Consciousness Cryptomnesia,1443
