Marc Maron,11572
Sananda Maitreya,9785
Steve Wozniak,9578
Gina Yashere,9522
Jimmy Shubert,9218
John Fugelsang,8750
Barry Katz,8470
Duncan Trussell,8356
Ari Shaffir,8182
John Cooper Clarke,7916
Steve Hicks,7651
John Rhodes,7198
Kim Dotcom,7069
Noel Faulkner,7047
Shazia Mirza,7021
Dave Fulton,7021
Adam Fields,7012
Scooteroma,6865
His Purple Majesty,6669
Peter Klashorst,6657
Jack Boulware,6579
Lee Camp,6576
Hooray For America,6481
Sam Coleman,6472
Don Ward,6452
John Cooper Clarke 4,6417
Chicago Reflections,6377
Jonathan Atherton,6285
Colleen Kruse,6273
Mom's Movie Review Club,6256
Stephen Tobolowsky,6150
Ed Byrne,6084
Adam Bloom,6084
Drew Hastings,6065
Greg Proops,6063
Mark Farrelly,6048
Andy Andrist,6009
United We Stand,5973
Gilbert King,5931
Moshe Kasher,5856
Geoff Tate,5806
Booty Power,5794
Jim Gaffigan,5777
Tamer Kattan,5771
The Sheperds,5766
Ralphie May,5741
Obscure Vinyl,5730
Ian Edwards,5715
Matt Davis  2,5702
Jeff Foxworthy,5663
W. Kamau Bell,5628
John Cooper Clarke 3,5603
Rich Hall,5596
Je Suis Arbi el Ayachi,5585
Alex Hooper,5582
Barry Crimmins,5576
Reginald D. Hunter,5529
Jim Short,5505
Jamie DeWolf,5499
Steve Byrne,5492
Bill Burr,5490
Ryan Hicks,5472
Jim Breuer,5451
Brent Weinbach,5425
Hasan Minhaj,5420
Arj Barker,5419
Ophira Eisenberg,5411
Gene Sullivan,5408
Amazing Johnathan,5387
Jonathan Atherton Part 2,5381
Paul Ogata,5378
Jake Johannsen,5370
Joey Diaz,5333
Matt Davis,5325
Danny Lobell,5319
Brian Scolaro,5317
Henry Phillips,5315
Maz Jobrani,5305
Stephen K Amos,5278
Robert Hawkins,5251
Cathy Sorbo,5240
Jeffrey Gurian,5239
Bob Maclaren,5225
Andrew Maxwell,5204
Sara Reihani,5203
Ramin Nazer,5203
Lucas Molandes,5203
John Cooper Clarke 2,5190
Coach Howard Mabie,5172
Louis Katz,5158
Todd Barry,5142
Nick Doody,5139
Jesse Joyce,5131
Ritch Shydner,5089
Christina Pazsitzky,5067
Sander Borst,5052
Steve Hughes 2,5000
Tom Gleeson,5000
Ron White,4993
Laurie Kilmartin,4992
Laura Rhodes,4959
Rhys Nicholson,4955
Jackie Kashian,4954
Paul Provenza,4953
Zihni Özdil,4935
Eve Jackson,4931
Hannah Gadsby,4904
Glenn Wool,4870
Carlos Valencia,4869
Pete Johansson,4867
Rich Leiby,4865
Eleanor Tiernan 2,4858
Feraz Ozel,4847
Yisrael Campbell,4844
Ryan Stout,4837
Ramy Youssef,4807
Rick Shapiro,4805
Mishka Shubaly,4799
Andy Kindler,4798
Jesse Griffin aka Wilson Dixon,4794
Natalia Tena,4793
Bobby Lee,4785
Patti Vasquez,4784
Sand van Roy,4774
Tommy Tiernan,4773
Bill Bailey,4764
Rick Bronson,4759
Kevin Meaney,4735
Ted Alexandro,4686
Bas Rutten,4682
Karl Spain,4678
Joseph Wilson,4645
Stefan Pop,4640
Brad Garrett,4636
Tommy Sheppard,4635
Karen Koren,4633
Ronny Chieng,4598
Chris Martin,4598
Russell Peters,4576
Judah Friedlander,4564
A Criminal History Of Mankind,4555
Jason John Whitehead,4554
Jimmy Tingle,4515
Margaret Cho,4492
Rory Zacher,4490
Kelly La Banco,4490
Tony Chou,4488
Billy Gardell,4481
Jo Caulfield,4478
Josh Sneed,4468
Samba Schutte,4454
Sebastian Marx,4451
Bert Haas,4442
Mike Tyson,4436
Drew Michael,4424
Kevin McDonald,4391
Brian Posehn,4390
Zoe Lyons,4383
James Thiep,4366
Pete Dominick,4363
Lizz Winstead,4352
Eddie Pepitone,4350
Des Bishop,4344
Harith Iskander,4309
Carl LaBove,4303
Ron Shock,4294
Greg Fitzsimmons,4262
Brian Regan,4257
Greg Fleet,4254
Scott Capurro,4252
Winter Stories,4226
Lynn Ruth Miller,4225
Eleanor Tiernan,4217
My First Comedy Notebook,4196
Lucie Pohl,4193
Steve Hughes,4175
Dana Gould,4159
Brendon Walsh,4158
John Rhodes 2,4145
Greg Behrendt,4133
Markus Birdman,4107
Stephen Grant,4101
Lou Angelwolf,4088
Aisha Tyler,4081
MinhHa Pham,4056
Joey Waldon,4047
Kuah Jenhan,3986
Movie Talk: The Revenant‏,3974
Rick Overton,3972
Virginia Gilbert,3940
Arbi el Ayachi,3926
Nevada Rhodes,3925
Book Review: Dillinger's Wild Ride by Elliott J. Gorn,3913
Uncle Bob,3891
Doug Stanhope 2,3887
Doug Stanhope 3,3876
Greg Shapiro,3843
Dara Faizi,3835
Brendhan Lovegrove,3769
Exotic Nebraska,3763
Jerry Rocha,3572
John Fox,3557
Doug Stanhope,3478
Godfrey,3433
Faye Woodruff,3417
Post Oscars Chat,3251
Je Suis Paris,3142
Happy Sweet 16,3109
Brendon Burns,2968
