Shane Mauss,35993
Judd Apatow,26558
Garry Shandling,22831
Matt McCarthy,22265
Mike Birbiglia,21697
Bert Kreischer,21023
Moshe Kasher,20041
Bo Burnham,18562
Chris Thayer,16723
Rob Bell,16403
John Mulaney,16236
Brody Stevens,16077
Kenya Barris,16036
Johnny Pemberton,15956
Myq Kaplan,15235
David Nichtern,14615
Ian Karmel,14103
Kurt Braunohler,13924
David O'Doherty,13252
Sarah Silverman,12986
Josh Ruben,12322
Megan Ganz,12283
Harris Wittels,11927
Allison Williams,11542
Chelsea Peretti,11442
Aaron Bonner-Jackson,11313
Matt Mira,10998
Greg Fitzsimmons,10872
Duncan Trussell,10773
Troy Baker,10764
Whitney Cummings,10589
Azhar Usman,10191
Billy Wayne Davis,10149
Vikram Gandhi,10136
Dana Carvey,10113
Ari Shaffir,9834
Alison Becker,9736
Penn Jillette,9718
Russell Peters,9697
Jessi Klein,9668
Adam Ray,9665
Lucas Bros,9641
David Wolfe,9633
Reggie Watts,9563
Pat Walsh,9546
Derek DelGaudio,9500
Philip Jamieson,9355
Jordan Vogt-Roberts,9292
Jordan Peele,9278
Kumail Nanjiani returns,9215
Ben Folds,9210
Josh Radnor,9182
Todd Glass,9142
Jamie Lee,9131
Ben Gibbard,9112
Kate Micucci,9015
Allyson Grey,9002
Alex,9002
Henry Zebrowski,8993
Jeff Garlin,8992
Matt Berninger,8983
Jenny Slate,8963
Dane Cook,8929
Heidi Niedermeyer,8921
Jay Duplass,8844
Anthony Atamanuik,8831
Zach Sherwin,8816
David Juskow,8736
Aziz Ansari,8708
Janet Leahy,8707
Andy Samberg,8693
Eddie Pepitone,8687
Taylor Williamson,8685
June Diane Raphael,8685
Louie Anderson,8669
Dave Hill,8633
Thomas Lennon,8621
Jessica Kirson,8608
Jackie Kashian,8587
Kevin Pollak,8571
Lennon Parham,8537
Henry Rollins,8528
Chris Gethard,8497
Bobcat Goldthwait,8495
Adam Pally,8459
Glennis McCarthy,8436
Jenn Wasner,8428
John Early,8425
Nick Swardson,8364
Dan Soder,8336
Gabe Liedman,8315
Julian McCullough,8260
Wale,8259
Laurie Kilmartin,8229
Jon Hamm,8227
Larry Wilmore,8223
Hasan Minhaj,8223
Matt Braunger,8175
Matt Goldich,8159
Nick Vatterott,8152
Iliza Shlesinger,8143
Tom Segura,8140
Paul Scheer,8138
Jennette McCurdy,8113
Tig Notaro,8107
Dan St. Germain,8106
Peter Rollins,8100
Brent Sullivan,8088
Ali Waller,8085
Jon Gabrus,8082
David Angelo,8065
Brent Weinbach,8060
Nate Bargatze,8057
Daniel Sloss,8048
Marina Franklin,8035
Curtis Gwinn,8027
Jay Larson,8025
Trevor Moore,8021
John Hodgman,8009
Ed Helms,8009
Roy Wood Jr.,8005
Sean Patton,7993
Brett Gelman,7984
Sara Watkins,7984
John Gemberling,7978
Robert Buscemi,7976
Luka Jones,7972
Nathan Willett,7972
Drew Michael,7964
Kyle Cease,7960
Gilbert Gottfried,7956
Rory Scovel,7927
Andy Richter,7920
Mark Duplass,7917
Chris Hardwick,7895
Mike Bridenstine,7883
Quincy Jones,7868
Jacqueline Novak,7847
Jonathan Katz,7841
Tom Snyder,7841
T.J. Miller,7836
Jessica St. Clair,7798
Ari Voukydis,7791
Mark Flanagan,7769
Whitmer Thomas,7752
Dwight Slade,7750
Noah Garfinkel,7718
Miller Davis,7718
George Basil,7709
Joel McHale,7679
Cameron Esposito,7659
Wayne Federman,7631
Ben Schwartz,7630
JJ Redick,7628
Ellie Kemper,7625
"""Science Mike"" McHargue",7622
Phoebe Robinson,7606
Brian Regan,7602
Harland Williams,7596
Rich Roll,7588
Glen Hansard,7574
Justin Willman,7559
Chelsea Peretti interviews Pete!,7547
W. Kamau Bell,7536
Deanna Russo,7525
Larry Charles,7522
Vince Averill,7508
Cash Levy,7502
Riki Lindhome,7486
Lauren Lapkus,7485
Dana Gould,7462
Stanley Brothers of Charlotte's Web,7461
Shannon O'Neill,7453
Rob Huebel,7450
Rachel Bloom,7435
Ana Gasteyer,7425
Joe Hartzler,7397
Thomas Middleditch,7394
Timothy Speed Levitch,7391
Andy Haynes,7389
Greg Behrendt,7388
David Vanderveen,7366
Tom Papa,7357
Yannis Pappas,7357
Tommy Johnagin,7348
David Bazan,7338
Jason Mantzoukas,7337
Dar Williams,7334
Emily Maya Mills,7332
Jen Kirkman,7331
Naomi Ekperigin,7321
Dan Levy,7303
Keegan-Michael Key,7296
Mark-Paul Gosselaar,7290
Adam Wade,7283
Grace Helbig,7263
Aaron Rodgers,7235
Michael Ian Black,7220
Beth Stelling,7198
Bobby Lee,7192
Horatio Sanz,7158
Jonah Ray,7134
Kurt Metzger,7111
Sean O'Connor,7107
Nikki Glaser,7104
Zach Cregger,7100
Emily V. Gordon,7086
Melissa Villaseñor,7077
Randy Liedtke,7073
Max Silvestri,7040
Adam Conover,7016
Matisyahu,7006
Mark Normand,6996
Dean Delray,6993
John F. O'Donnell,6975
Elizabeth Gilbert,6973
Adam Carolla,6969
Bo Burnham returns!,6958
Andy Dick,6936
Pete Davidson,6926
Scott Hutchison,6901
Jesse Popp,6900
Bruce Eric Kaplan,6890
Jimmy Kimmel,6883
Michelle Buteau,6881
Tim Minchin,6871
Zach Leary,6865
Krishna Das,6814
David Wain,6798
Bret Ernst,6796
Rich Sommer,6791
Josh Gondelman,6790
Sinbad,6782
Kevin Heffernan,6780
Shelby Fero,6777
Jermaine Fowler,6767
Sean Donnelly,6753
Dave Holmes,6747
Ryan Sickler,6732
Jim Adkins,6697
Matt Besser,6683
Sara Schaefer,6673
James Adomian,6666
Dan Harmon,6664
Michael Che,6663
Patton Oswalt,6661
Hampton Yount,6648
Dave Stone,6633
Justin Bua,6628
Lama Surya Das,6624
Brian Stack,6623
Kulap Vilaysack,6620
Joe DeRosa,6615
Norman Lear,6610
Kirk Fox,6602
Chris Marrs,6591
Ross Marquand,6559
Joe List,6545
Alex Borstein,6526
Rob Corddry,6514
Kevin Nealon,6505
Richard Rohr,6504
Dr. Joel Fuhrman,6497
Nate Fernald,6432
Kyle Dunnigan,6431
Baron Vaughn,6404
Jack Johnson,6401
Neal Brennan,6392
Joselyn Hughes,6386
Casey Wilson,6385
Alexander Shaia,6375
Rhea Butcher,6352
Jon Dore,6346
Sklar Brothers,6317
Alison Rosen,6300
Ray Romano,6278
Aisha Tyler,6263
Bill Burr,6222
Gary Gulman,6214
Marc Maron,6202
Mike Lawrence,6195
Paul F. Tompkins,6183
Mike O'Connell,6183
Patrick Walsh,6172
Kristen Schaal,6162
Kate Berlant,6052
Alec Sulkin,6015
Bill Nye,6012
Ron Funches,6008
Ravi Patel,5988
Jared Logan,5972
Jemaine Clement,5942
Jimmy Pardo,5938
Natasha Leggero,5924
Raghu Markus,5923
Orny Adams,5900
Thanksgiving,5887
Andrée Vermeulen,5822
Mike Burns,5817
Artie Lange,5798
David Koechner,5777
Steve Agee,5777
Phil Rosenthal,5764
Brian Greene: Theoretical Physicist,5749
Seth Rogen,5719
Kevin Barnett,5700
Dave Attell,5664
Owen Benjamin,5611
Eric Andre,5608
Rob Delaney,5600
Howard Kremer,5594
Vir Das,5572
Chris D'Elia,5560
Jim Norton,5533
Hannibal Buress,5518
Jay Chandrasekhar,5512
Jay Mohr,5508
Dov Davidoff,5502
Reza Aslan,5501
Anthony Jeselnik,5492
Emily Gordon,5477
Greg Proops,5457
Joe Mande,5453
Parvati Markus,5450
Jake Hurwitz,5450
Amir Blumenfeld,5450
Demetri Martin,5444
Al Madrigal,5435
Best Of YMIW!,5350
Doug Benson,5340
Aparna Nancherla,5318
Alice Wetterlund,5305
Jerrod Carmichael,5302
Nick Kroll,5261
Nick Thune,5237
Dr. Tim Royer of Neurocore,5120
Kyle Kinane,5110
Bassem Youssef,5107
Bryan Callen,5099
SF Sketchfest 2013,5084
Mike Birbiglia returns!,5043
Matt Diffee,5022
Alex Gregory,5022
Nate Craig,5000
Zach Galifianakis,4997
Larry Miller,4928
Deepak Chopra,4921
"""Weird Al"" Yankovic",4882
Jim Gaffigan returns!,4872
Dave Coulier,4862
Eugene Mirman,4635
Rivers Cuomo,4551
TJ Miller,4484
Gentry Lee,4114
Jim Gaffigan,3817
Kumail Nanjiani,3635
Noel Gallagher,3088
